County,MSPE.corn.AIC,MSPE.corn.BIC
1,80.8437917,80.45623395
2,80.8437917,80.45623395
3,80.8437917,80.45623395
4,56.75945524,57.28857523
5,43.45987828,44.18790724
6,43.45987828,44.18790724
7,43.45987828,44.18790724
8,43.45987828,44.18790724
9,35.11237341,35.8611839
10,29.40815842,30.12595991
11,29.40815842,30.12595991
12,29.40815842,30.12595991
