County,MSPE.soy.AIC,MSPE.soy.BIC
1,118.2018563,117.5218269
2,118.2018563,117.5218269
3,118.2018563,117.5218269
4,75.20178069,74.81363657
5,54.7899684,54.54560722
6,54.7899684,54.54560722
7,54.7899684,54.54560722
8,54.7899684,54.54560722
9,42.97634839,42.81266375
10,35.30254058,35.18840707
11,35.30254058,35.18840707
12,35.30254058,35.18840707
